Company Name,Website
Vention,https://ventionteams.com/
Closeloop Technologies,https://closeloop.com/
Mobcoder Inc,https://mobcoder.com/
Ideamotive,https://www.ideamotive.co/
Interexy,http://interexy.com/
Codal,https://www.codal.com/
Developer Bazaar Technologies,https://bit.ly/4cuVrH2
Fordewind.io,https://fordewind.io/
Iotasol,https://www.iotasol.com/
Eklib Software,https://eklib.com/
Saigon Technology,https://saigontechnology.com/
ELEKS,https://www.eleks.com/
datarockets,https://datarockets.com/
Binmile,https://binmile.com/
Webisoft,https://webisoft.com/
Ionixx Technologies,https://www.ionixxtech.com/
WEZOM,https://wezom.com/
ConvrtX,https://www.convrtx.com/
Nectarbits Pvt Ltd,https://www.nectarbits.com/
Devstars Limited,https://www.devstars.com/
Concise Studio,https://concise-studio.com/
Yellow Systems,https://yellow.systems/
Join.To.IT,https://jointoit.com/
Blank Space,https://blankspace.ca/
Designli,https://designli.co/
Openxcell,https://www.openxcell.com/
SoloWay Technologies,https://soloway.tech/
Codeflash Infotech,https://codeflashinfotech.com/
Bluebash,https://www.bluebash.co/
Peiko,https://peiko.space/
Kuchoriya TechSoft, Canada,https://www.kuchoriyatechsoft.com/
Finoit,https://www.finoit.com/landing-global/
7Span,https://7span.com/
TopDevs Inc.,http://topdevs.org/
Hammerhead,https://codehammerhead.com/
Azilen Technologies Pvt. Ltd.,https://www.azilen.com/
Dexoc Solutions,https://dexoc.com/
Gecko Dynamics,https://geckodynamics.com/
Seasia Infotech,https://www.seasiainfotech.com/
Rootquotient,https://rootquotient.com/
Zennaxx Technology,https://www.zennaxx.com/
Sigma Software Group,https://sigma.software/
HebronSoft,https://hebronsoft.com/
Travancore Analytics,https://www.travancoreanalytics.com/
Space-O Technologies,https://www.spaceotechnologies.com/
InvoZone,https://invozone.com/
SevenPro,https://seven-pro.com/
AnydayÂ®,https://www.anyday.inc/
Guaranteed Software,https://guaranteed.software/
UUUSoftware,https://uuusoftware.com/
Net Solutions,https://www.netsolutions.com/
Vellgus,https://vellgus.com/
Dolphin Web Solution,https://dolphinwebsolution.com/
Trigma,https://trigma.com/
Quest Global Technologies,https://questglt.com/
Digia Technology,https://digia.co/about/
iTechnolabs Inc,https://itechnolabs.ca/
Dot H Digital,https://dothdigital.com/
Meshroad Marketing,https://meshroad.com/
Vog App Developers,https://vogappdevelopers.com/
Cabot Technology Solutions,https://www.cabotsolutions.com/
Designo Graphy,https://designography.ca/
Algoseed Labs,https://algoseedlabs.com/
Qubit Labs,https://qubit-labs.com/
Mystique Brand Communications,https://mystique.ca/
Thinkbound,https://www.thinkbound.com/
DAC.digital,https://www.dac.digital/
Spiria,https://www.spiria.com/
CodeNinja,https://codeninjaconsulting.com/
Radixweb,https://radixweb.com/
EchoGlobal,https://echoglobal.tech/
Appinventiv,https://appinventiv.com/write-to-us/
TRIARE,https://triare.net/
Intersog, Inc.,https://intersog.com/
BairesDev,https://www.bairesdev.com/
OnGraph Technologies,https://www.ongraph.com/
ADCI Solutions,https://www.adcisolutions.com/
Cerebrum Infotech,https://www.cerebruminfotech.com/
I Can Infotech,https://icaninfotech.com/
Arete Soft Labs Inc.,https://www.aretesoftware.ca/
Fintelics Technology Inc,https://www.fintelics.com/
Raccoopack Media,https://raccoopack.media/
Knovator Technologies,https://knovator.com/
CIGNEX,https://www.cignex.com/
Tintash,https://tintash.com/
SHIV TECHNOLABS PVT. LTD.,https://shivlab.com/
Peerbits,https://www.peerbits.com/
Brainvire Infotech Inc.,https://www.brainvire.com/
Bitscape,https://www.bitscape.com/
Clio Websites,https://cliowebsites.com/
Cybexo Inc,https://cybexo.com/web-development/
AppStudio,https://www.appstudio.ca/
RipenApps Technologies,https://ripenapps.com/
Techugo Inc,https://www.techugo.com/
Aliio Inc.,https://aliio.tech/
ImageX,https://imagexmedia.com/
Folio3 Digital Health,https://digitalhealth.folio3.com/
Dakai,https://dakai.io/
TechBlocks,https://tblocks.com/
IConflux Technologies Pvt. Ltd.,https://iconflux.com/
Jellyfish Technologies,https://www.jellyfishtechnologies.com/
Push Interactions,https://pushinteractions.com/
Web Design Canada - IQlance,https://www.iqlance.com/web-design-company/
iQlance,https://www.iqlance.com/
StudioKrew,https://studiokrew.com/
APOM Solutions,https://apom.solutions/
Tectera Inc,https://tectera.com/ca/
WellDev,https://welldev.io/
iQlance Solutions,https://www.iqlance.com/
Kinex Media,https://www.kinexmedia.com/
Tekki Web Solutions Inc.,https://www.tekkiwebsolutions.com/saas-development-company/
Yudiz Solutions Limited,https://www.yudiz.com/
NashTech,https://www.nashtechglobal.com/
Pratham Software Inc.,https://www.thepsi.com/
Elluminati Inc,https://www.elluminatiinc.com/
Zealous System,https://www.zealousys.com/
iapp Technologies Inc,https://iapptechnologies.com/
Ecosmob Technologies Pvt. Ltd.,https://www.ecosmob.com/
AeroQube Inc.,http://aeroqube.com/
Dynamsoft,https://www.dynamsoft.com/
Technource, Inc,https://technource.com/
EZ Rankings,https://www.ezrankings.com/
Spring Time Software,https://springtimesoftware.ca/
PredictivEye Inc.,https://www.predictiveye.com/
XME.digital solutions,https://www.xme.digital/
IntegraWeb,https://www.integraweb.ca/
United Sol,https://www.unitedsol.ca/
Nevpro Business Solutions,https://www.nevprobusinesssolutions.com/
ERP Buddies Inc.,https://www.erpbuddies.com/
AtoZ Infoway,https://www.atozinfoway.com/
Digital ByteTeck,https://www.digitalbyteteck.com/
Vestra Inet,https://vestrainet.com/
Equipm8 Digital Solutions Inc.,https://equipm8.com/
Finestel,https://finestel.com/
WhizzBridge,https://whizzbridge.com/
KoreCent Solutions,https://korecent.com/
Infowise Solutions Ltd,https://www.infowisesolutions.com/
Sharkbyte Inc.,https://sharkbyte.ca/
Codepaper,https://codepaper.com/
HIC Global Solutions,https://hicglobalsolutions.com/
GlassManager by Tech To U Inc.,https://glassmanager.ca/
Silstone Health,https://www.silstonegroup.com/
Meridian Tech Digital,https://meridiantdigital.com/
VBIntelz,https://vbintelz.com/
Shortcode Technologies,https://shortcode.tech/
Luavo Tech,https://luavotech.ca/
DrDesign Canada,https://drdesign.ca/
Integriti Group Inc.,https://integriti.io/
ITSolution 24x7,https://itsolution24x7.com/
Arjantech,https://arjantech-solutions.ca/
Lanware Solutions,https://lanwaresolutions.com/
Comfygen Private Limited,https://www.comfygen.com/blockchain-development
Nous Infosystems,https://www.nousinfosystems.com/
Boom IT World Ltd.,https://boomitworld.com/
Usoftware,https://usoftware.ca/
Markovate,https://www.markovate.com/
Anques Technolabs,https://www.anques.com/
Tech To U Inc.,https://techtou.com/
Persistent Systems,https://www.persistent.com/
Canadian Software Agency Inc,https://canadian.agency/
IT Shark,https://itshark.ca/
Security X,https://www.securityx.ca/
Cleffex Digital,https://www.cleffex.com/
Web Viral,https://www.webviral.ca/
SRH Softwares,https://srhsoftwares.com/
Axamit,https://www.axamit.com/
The Tech Raptors,https://thetechraptors.com/
Every IT Solution,https://everyitsolution.com/
Ordorite Software Solutions,https://ordorite.com/furniture-retail/
Netcoden,https://netcoden.com/
Monarch Innovation,https://www.monarch-innovation.com/
ByteTeck Consulting Inc,https://www.byteteck.com/
Kumaran Systems,https://kumaran.com/
Silver Touch Technologies Canada,https://www.silvertouch.ca/
Webitronics,https://webitronics.com/
Intelligenes,https://www.intelligenes.com/
CartCoders,https://cartcoders.com/shopify-app-development.php
Allianze BPO Services,https://www.allianzebposervices.com/
HasTech Solution Ltd.,https://hastechsolutions.ca/
Digital Monk,https://www.digitalmonk.ca/
A2z Devcenter,https://a2zdevcenter.com/
Truenorth Digital Ltd.,https://truenorthweb.ca/
Uberdoo,https://www.uberdoo.com/
Synergy IT Solutions Group,https://www.synergyit.ca/
Dev Information Technology Ltd.,https://www.devitpl.com/
Website Design Mississauga,https://www.citrusstudio.ca/
eBSEG,https://ebseg.com/
Vested Marketing,https://vestedmarketing.ca/
SEO Toronto Experts,https://seotorontoexperts.ca/
Cognitive IT Solutions,https://cognitiveitsolutions.ca/
CJ Technologies,https://www.cjtechnologies.ca/
Web Design Hamilton,http://www.impactinteractive.ca/
Hashthink Technologies,https://hashthink.com/
Digital Technology Service On Demand,https://dtsod.com/
Mrkt360,https://mrkt360.com/
Discretelogix,https://www.discretelogix.com/
D & F Consultancy Inc.,https://www.dfconsultancyinc.com/
Techynaf,https://techynaf.com/
Barrana Inc,https://www.barrana.io/
Pro Web and App,https://prowebandapp.com/
Barrie Web Design,https://www.pathinteractive.ca/
Vertex Dimension,http://vertexdimension.com/
Webelight Solutions Pvt. Ltd.,https://www.webelight.com/
Tech2Globe Canada,https://tech2globe.ca/
rainytownmedia,https://rainytownmedia.com/
Click Media Lab,https://clickmedialab.com/
Essence Tech Labs,https://essencetechlabs.ca/
Optimizia Inc.,https://optimizia.ca/
Cooper Digital Agency,http://cooperdigital.ca/
Webfix inc,https://www.webfix.io/
Nextechbs,https://www.nextechbs.ca/
x2x eCommerce,https://www.x2xecommerce.com/
Ottawa Web Design,https://www.weblift.ca/
Career IT and Business Solutions Inc.,https://itbs.ca/